,mlp_full,tcn_foot,tcn_full_novis,tcn_full,tcn_full_clean
clean,0.9455,0.9602,0.9609,0.9607,0.9778
mask 10%,0.9421,0.959,0.9599,0.9598,0.9052
mask 30%,0.9315,0.956,0.9572,0.957,0.6515
mask 50%,0.9117,0.949,0.9514,0.9497,0.4882
noise 10mm,0.938,0.9593,0.9602,0.9601,0.2926
noise 25mm,0.9293,0.9557,0.9574,0.957,0.0771
noise 50mm,0.9147,0.9469,0.9487,0.9476,0.1465
hold 3f,0.9437,0.9598,0.9605,0.9604,0.9704
hold 5f,0.9416,0.9588,0.9596,0.9595,0.9616
hold 10f,0.933,0.953,0.9545,0.9543,0.9405
L foot hidden,0.9268,0.93,0.9488,0.9492,0.4743
R lower leg hidden,0.9096,0.9308,0.937,0.9375,0.4687
both feet 30f,0.9274,0.9242,0.9477,0.948,0.8166
both feet hidden,0.9029,0.8012,0.9302,0.9263,0.5288
