,frames,measured contact rate,precision,recall,F1,always-contact F1
balletsmalljump,5404.0,0.793,0.979,0.986,0.982,0.885
chair,14965.0,0.997,1.0,0.999,1.0,0.999
dog,1855.0,0.815,0.869,0.932,0.899,0.898
hopping,5952.0,0.536,0.753,0.986,0.854,0.698
lambadadance,9632.0,0.802,0.875,0.944,0.908,0.89
sidestretch,13050.0,0.976,0.997,0.995,0.996,0.988
soccerkick,1653.0,0.627,0.958,0.952,0.955,0.771
squat,7617.0,0.997,1.0,0.999,0.999,0.998
taichi,7724.0,0.87,0.926,0.996,0.96,0.93
tennisgroundstroke,1784.0,0.961,0.989,0.948,0.968,0.98
tennisserve,2187.0,0.879,0.938,0.973,0.955,0.936
tree,15287.0,0.592,0.613,0.999,0.76,0.744
treearms,15808.0,0.588,0.61,0.999,0.757,0.74
walk,444.0,0.563,0.913,0.858,0.885,0.72
worrier1,13216.0,0.972,0.996,0.978,0.987,0.986
worrier2,11841.0,0.971,0.997,0.993,0.995,0.985
idling,12192.0,0.935,0.939,0.999,0.968,0.966
jumpingjack,2736.0,0.292,0.998,0.78,0.876,0.452
idling_00,955.0,1.0,1.0,1.0,1.0,1.0
walk_00,170.0,0.574,1.0,0.897,0.946,0.729
ALL,144472.0,0.827,0.883,0.987,0.932,0.906
