,,all clips,locomotion (>0.7 m/s),reliable labels,reliable + locomotion,subject mean,"subject mean, reliable"
clean,mlp_full,0.9455,0.8658,0.9553,0.8684,0.9314,0.9373
clean,tcn_foot,0.9602,0.8986,0.9669,0.8992,0.9526,0.9565
clean,tcn_full_novis,0.9609,0.9007,0.9674,0.9012,0.9513,0.9561
clean,tcn_full,0.9607,0.9012,0.9671,0.9019,0.9514,0.9559
clean,tcn_full_clean,0.9778,0.9325,0.9813,0.9331,0.9672,0.9706
clean,always contact,0.8012,0.5864,0.8333,0.585,0.7523,0.7792
both feet hidden,mlp_full,0.9029,0.7668,0.9148,0.7641,0.8751,0.8896
both feet hidden,tcn_foot,0.8012,0.5864,0.8333,0.585,0.7523,0.7792
both feet hidden,tcn_full_novis,0.9302,0.8382,0.9393,0.8376,0.9155,0.9244
both feet hidden,tcn_full,0.9263,0.8343,0.9371,0.8327,0.903,0.9175
both feet hidden,tcn_full_clean,0.5288,0.4148,0.5459,0.4145,0.5116,0.5267
both feet hidden,always contact,0.8012,0.5864,0.8333,0.585,0.7523,0.7792
