subject,design,vertical GRF RMSE (BW),3D GRF RMSE (BW),ankle RMSE (N·m/kg),ankle error / range (%),ankle correlation,knee RMSE (N·m/kg),knee error / range (%),knee correlation,hip RMSE (N·m/kg),hip error / range (%),hip correlation
s001,torque only,,0.5861401557922363,0.1541532576084137,14.237748356329055,0.8070628046989441,0.2327306568622589,13.187070959545675,0.8460255861282349,0.18092891573905945,7.455347494026848,0.9327986240386963
s001,shared heads,0.14037442207336426,0.14535018801689148,0.15111733973026276,13.957347958373182,0.8085519671440125,0.2797716557979584,15.852525521211454,0.7713496088981628,0.18056845664978027,7.440494435537112,0.928856611251831
s001,cascade,0.14028531312942505,0.14588013291358948,0.14815296232700348,13.683555109908005,0.8196057081222534,0.24306167662143707,13.772451040045262,0.8305031061172485,0.20395848155021667,8.404302585353202,0.9162226915359497
s001,measured force (upper bound),,1.4516515989271284e-08,0.1321292519569397,12.20358926602553,0.874706506729126,0.2604258060455322,14.75634379381255,0.8148146867752075,0.16183891892433167,6.668726077918199,0.9387706518173218
s002,torque only,,0.3449958562850952,0.12373135983943939,11.404480675205848,0.9124985337257385,0.15060672163963318,10.197093679093848,0.9320966005325317,0.1535029113292694,7.235678935467003,0.9676483273506165
s002,shared heads,0.06435699760913849,0.06886336207389832,0.1218850165605545,11.234300809154403,0.8948720097541809,0.15078730881214142,10.209320652068635,0.9359839558601379,0.16531281173229218,7.792363149701976,0.9576619267463684
s002,cascade,0.06698480248451233,0.0712994635105133,0.12191183120012283,11.236772349426543,0.8901227712631226,0.14549469947814941,9.85097520375127,0.9389230608940125,0.15796156227588654,7.44584671961955,0.9659321308135986
s002,measured force (upper bound),,1.2992651399201804e-08,0.11466369032859802,10.568701759983897,0.9147186875343323,0.13833755254745483,9.36638794939246,0.9487124085426331,0.1506652683019638,7.101920730484118,0.9702430367469788
s003,torque only,,0.3769100606441498,0.09618164598941803,8.871242754451014,0.9370638132095337,0.10844718664884567,7.255740233569321,0.9524087309837341,0.10431424528360367,4.142364543154754,0.9851992130279541
s003,shared heads,0.06767275929450989,0.07265935093164444,0.09295762330293655,8.573877414074314,0.9400876760482788,0.12161115556955338,8.136485432065918,0.9392236471176147,0.11365298181772232,4.513209876806202,0.9843078851699829
s003,cascade,0.06329533457756042,0.06885069608688354,0.09396868944168091,8.66713234920605,0.9393584728240967,0.11918780952692032,7.974349650357459,0.9433063864707947,0.10614582151174545,4.215097240447557,0.9854728579521179
s003,measured force (upper bound),,1.1124885013202856e-08,0.07908594608306885,7.294433557994189,0.956885039806366,0.10239697247743607,6.850946123719766,0.9589533805847168,0.0943300724029541,3.7458886484091414,0.9886202216148376
s004,torque only,,0.37880921363830566,0.1000514030456543,9.594853917442544,0.938797116279602,0.14048536121845245,7.645591393845232,0.9630675315856934,0.1548764556646347,5.131240518129754,0.9744498133659363
s004,shared heads,0.05878753960132599,0.06616149097681046,0.10118541866540909,9.703605158109106,0.9354472756385803,0.1572214961051941,8.556416890156786,0.9512744545936584,0.14907629787921906,4.939074417011606,0.974737823009491
s004,cascade,0.06174373999238014,0.06787209957838058,0.1028166264295578,9.860036749566781,0.9329936504364014,0.14500701427459717,7.891671920614545,0.9610356688499451,0.1339675337076187,4.4385031548175835,0.9780388474464417
s004,measured force (upper bound),,1.1540466360315804e-08,0.08811309188604355,8.449978902094974,0.954056441783905,0.1354716569185257,7.372732114313623,0.9678554534912109,0.12417471408843994,4.114055435498163,0.9830507040023804
s005,torque only,,0.3471037447452545,0.11216098815202713,9.423268766823428,0.9281591773033142,0.1268201321363449,7.625158698536178,0.9512979984283447,0.1309720277786255,7.018870537785699,0.9462370276451111
s005,shared heads,0.08438516408205032,0.09229127317667007,0.10725351423025131,9.010964573600834,0.92734295129776,0.13263879716396332,7.975010441329761,0.9493529200553894,0.1300584375858307,6.9699106843225165,0.9458367228507996
s005,cascade,0.08510717004537582,0.0928296372294426,0.11738947778940201,9.862543276698046,0.9149394035339355,0.15511643886566162,9.326496063186836,0.9284423589706421,0.14342202246189117,7.686073316578006,0.937982439994812
s005,measured force (upper bound),,1.1771524199843952e-08,0.10142732411623001,8.52147392060644,0.9372995495796204,0.11472262442111969,6.897786674619781,0.9628748893737793,0.12110067903995514,6.489858961762986,0.9538636207580566
s006,torque only,,0.37769103050231934,0.13605287671089172,12.38259772433766,0.9052000641822815,0.13935409486293793,8.869507330893242,0.9300072193145752,0.12026024609804153,6.370599309260707,0.9739296436309814
s006,shared heads,0.07913744449615479,0.08365418016910553,0.13639740645885468,12.4139544539874,0.9073456525802612,0.13870318233966827,8.82807852750868,0.9275434613227844,0.12326914072036743,6.529990817465344,0.9725066423416138
s006,cascade,0.08230355381965637,0.08632505685091019,0.12399474531412125,11.285149482131832,0.9123713970184326,0.14098729193210602,8.973455861376163,0.9321507811546326,0.12594492733478546,6.671736447551978,0.9720990657806396
s006,measured force (upper bound),,1.3095069917312685e-08,0.11143048107624054,10.141636507462742,0.9371002912521362,0.13369832932949066,8.50953330996431,0.9393537044525146,0.10634808987379074,5.633624492493037,0.9774525761604309
s007,torque only,,0.3372539281845093,0.10332760214805603,8.685679954834752,0.9438738226890564,0.11726652830839157,9.70440605059081,0.9310240745544434,0.10009142756462097,4.451850134341114,0.976344645023346
s007,shared heads,0.07855776697397232,0.08200737088918686,0.11240575462579727,9.448786088758851,0.9336525797843933,0.11919574439525604,9.864058566413819,0.9302492737770081,0.10611538589000702,4.7197827668617265,0.9735214114189148
s007,cascade,0.07316675782203674,0.07694947719573975,0.11283174157142639,9.484594393584995,0.9319090843200684,0.11625555157661438,9.620742546141663,0.9323694705963135,0.10965926945209503,4.8774070399473,0.9718531370162964
s007,measured force (upper bound),,1.2376530911240025e-08,0.09760194271802902,8.20438314444001,0.9498385190963745,0.10555526614189148,8.73523910186222,0.945397138595581,0.09646537899971008,4.290571339707038,0.9780313372612
