,frames,valid share,median force residual (m/s²),p95 |sagittal ankle| (N·m/kg),p95 |sagittal knee| (N·m/kg),p95 |sagittal hip| (N·m/kg)
balletsmalljump,7343.0,0.736,0.644,0.81,1.244,0.625
chair,15027.0,0.996,0.11,0.69,0.867,0.872
dog,10131.0,0.183,0.633,1.004,1.242,1.222
hopping,7253.0,0.821,0.608,1.588,1.652,1.519
lambadadance,11608.0,0.83,0.907,1.111,1.577,0.76
sidestretch,14834.0,0.88,0.355,1.026,1.247,1.534
soccerkick,2579.0,0.641,0.606,1.302,1.577,1.087
squat,7666.0,0.994,0.243,0.491,0.913,0.92
taichi,7770.0,0.994,0.216,0.933,1.181,1.024
tennisgroundstroke,1810.0,0.986,0.284,0.759,1.163,0.667
tennisserve,2261.0,0.967,0.304,1.082,1.288,0.836
tree,15346.0,0.996,0.107,0.808,0.424,0.413
treearms,15876.0,0.996,0.099,0.784,0.373,0.438
walk,933.0,0.476,1.512,1.248,1.928,2.963
worrier1,13774.0,0.959,0.14,0.742,1.199,1.433
worrier2,12023.0,0.985,0.117,0.7,1.03,1.428
idling,12243.0,0.996,0.245,0.485,0.445,0.25
jumpingjack,5692.0,0.481,0.863,1.318,1.528,0.424
idling_00,961.0,0.994,0.287,0.359,0.44,0.074
walk_00,208.0,0.817,1.018,1.074,1.345,1.508
