split,subject,clips,flagged_share,mean_bad_frac
test,CMU_10,14,0.0,0.004
test,CMU_122,261,0.23,0.163
test,CMU_124,53,0.0,0.012
test,CMU_126,220,0.573,0.497
test,CMU_127,32,0.0,0.005
test,CMU_142,499,0.002,0.005
test,CMU_16,1,0.0,0.0
test,CMU_32,713,0.0,0.0
test,CMU_36,1084,0.566,0.423
test,CMU_40,527,0.135,0.089
test,CMU_54,709,0.1,0.047
test,CMU_90,170,0.135,0.11
test,KIT_1721,157,0.0,0.0
test,KIT_6,199,0.0,0.0
train,CMU_01,304,0.592,0.522
train,CMU_02,85,0.0,0.004
train,CMU_05,116,0.267,0.128
train,CMU_06,80,0.0,0.007
train,CMU_07,17,0.0,0.0
train,CMU_08,11,0.0,0.012
train,CMU_09,14,0.0,0.0
train,CMU_103,54,0.0,0.005
train,CMU_105,722,0.0,0.002
train,CMU_106,223,0.054,0.04
train,CMU_107,87,0.126,0.057
train,CMU_108,42,0.071,0.051
train,CMU_11,3,0.0,0.0
train,CMU_111,336,0.25,0.132
train,CMU_114,294,0.214,0.13
train,CMU_115,53,0.0,0.003
train,CMU_118,124,0.0,0.001
train,CMU_12,148,0.0,0.009
train,CMU_120,390,0.01,0.008
train,CMU_123,82,0.0,0.0
train,CMU_125,153,0.869,0.811
train,CMU_128,6,0.0,0.008
train,CMU_13,787,0.164,0.124
train,CMU_131,117,0.0,0.009
train,CMU_132,623,0.006,0.006
train,CMU_133,157,0.057,0.039
train,CMU_136,234,0.154,0.068
train,CMU_137,804,0.0,0.004
train,CMU_138,40,0.0,0.0
train,CMU_140,63,0.143,0.071
train,CMU_141,223,0.054,0.039
train,CMU_143,380,0.058,0.045
train,CMU_144,678,0.013,0.017
train,CMU_15,1121,0.062,0.049
train,CMU_17,401,0.002,0.014
train,CMU_18_19_Justin,65,0.0,0.0
train,CMU_18_19_rory,72,0.0,0.002
train,CMU_20_21_Justin1,29,0.0,0.0
train,CMU_20_21_rory1,29,0.034,0.015
train,CMU_22_23_justin,58,0.0,0.007
train,CMU_24,15,0.0,0.0
train,CMU_25,11,0.0,0.001
train,CMU_26,98,0.0,0.002
train,CMU_27,295,0.0,0.0
train,CMU_28,523,0.004,0.002
train,CMU_29,925,0.0,0.0
train,CMU_30,787,0.0,0.0
train,CMU_31,708,0.0,0.0
train,CMU_35,119,0.0,0.0
train,CMU_37,3,0.0,0.0
train,CMU_38,73,0.0,0.0
train,CMU_39,27,0.0,0.0
train,CMU_41,470,0.087,0.057
train,CMU_43,13,0.231,0.18
train,CMU_45,2,0.0,0.0
train,CMU_46,3,0.0,0.0
train,CMU_47,9,0.0,0.002
train,CMU_49,142,0.437,0.183
train,CMU_55,1060,0.032,0.018
train,CMU_56,344,0.0,0.003
train,CMU_60,430,0.0,0.003
train,CMU_61,233,0.0,0.002
train,CMU_63,73,0.0,0.017
train,CMU_64,73,0.0,0.017
train,CMU_70,59,0.0,0.0
train,CMU_73,59,0.0,0.0
train,CMU_75,130,0.0,0.0
train,CMU_76,65,0.0,0.002
train,CMU_77,541,0.02,0.01
train,CMU_78,22,0.0,0.009
train,CMU_79,1147,0.0,0.0
train,CMU_83,261,0.234,0.164
train,CMU_84,121,0.24,0.202
train,CMU_85,166,0.024,0.023
train,CMU_86,889,0.078,0.054
train,CMU_87,3,0.0,0.048
train,CMU_88,48,0.083,0.034
train,CMU_91,750,0.0,0.002
train,CMU_93,54,0.0,0.002
train,CMU_94,281,0.0,0.019
train,KIT_11,243,0.0,0.0
train,KIT_12,191,0.0,0.0
train,KIT_1226,1085,0.0,0.0
train,KIT_1229,314,0.0,0.0
train,KIT_1346,899,0.0,0.001
train,KIT_1347,880,0.001,0.001
train,KIT_1487,120,0.0,0.0
train,KIT_167,529,0.229,0.18
train,KIT_1717,599,0.0,0.0
train,KIT_1747,599,0.0,0.0
train,KIT_205,154,0.0,0.0
train,KIT_3,3812,0.2,0.132
train,KIT_314,433,0.085,0.052
train,KIT_348,384,0.003,0.005
train,KIT_359,487,0.318,0.24
train,KIT_378,239,0.0,0.0
train,KIT_379,198,0.0,0.0
train,KIT_4,210,0.0,0.0
train,KIT_424,790,0.204,0.144
train,KIT_425,608,0.128,0.107
train,KIT_441,441,0.0,0.002
train,KIT_442,554,0.005,0.004
train,KIT_471,83,0.0,0.0
train,KIT_513,743,0.218,0.167
train,KIT_63,1,0.0,0.025
train,KIT_674,1428,0.002,0.006
train,KIT_725,31,0.0,0.0
train,KIT_8,235,0.0,0.0
train,KIT_883,461,0.0,0.0
train,KIT_912,226,0.358,0.332
train,KIT_917,359,0.0,0.001
train,KIT_948,159,0.0,0.0
train,KIT_950,156,0.0,0.0
train,KIT_952,271,0.0,0.0
train,KIT_955,242,0.0,0.0
train,KIT_965,714,0.0,0.0
train,KIT_969,1815,0.0,0.0
val,CMU_102,22,0.0,0.01
val,CMU_113,269,0.238,0.116
val,CMU_135,168,0.0,0.005
val,CMU_139,496,0.024,0.013
val,CMU_22_23_Rory,55,0.055,0.037
val,CMU_62,499,0.0,0.001
val,CMU_74,121,0.24,0.204
val,CMU_80,1637,0.001,0.001
val,CMU_82,125,0.344,0.222
val,CMU_89,36,0.139,0.055
val,KIT_551,444,0.005,0.004
val,KIT_576,636,0.0,0.0
val,KIT_7,253,0.0,0.0
val,KIT_9,520,0.0,0.0
