subject,condition,model,vertical GRF RMSE (BW),3D GRF RMSE (BW),ankle RMSE (N·m/kg),ankle error / range (%),ankle correlation,knee RMSE (N·m/kg),knee error / range (%),knee correlation,hip RMSE (N·m/kg),hip error / range (%),hip correlation,force-balance error (BW)
s001,clean,training mean,0.3882572650909424,0.398542195558548,0.3216581344604492,29.70866555961884,-0.016507355496287346,0.5095692873001099,28.873404307919433,-0.18089435994625092,0.3975154757499695,16.380002023798298,0.44631636142730713,0.23069046437740326
s001,clean,single frame,0.16141805052757263,0.1670106053352356,0.15850204229354858,14.63940643974168,0.7801969647407532,0.2681109309196472,15.191801195146247,0.8194001913070679,0.18749167025089264,7.725772015192241,0.9265446066856384,0.21977752447128296
s001,clean,temporal,0.1373843401670456,0.14176319539546967,0.14658136665821075,13.53840096916965,0.8156145811080933,0.25587376952171326,14.49841460880805,0.8149789571762085,0.17831484973430634,7.347632426160835,0.9324345588684082,0.15288124978542328
s001,both feet,temporal,0.34694913029670715,0.36420854926109314,0.3178446590900421,29.356449177498405,0.08751218765974045,0.4016630947589874,22.759183529277625,0.45860210061073303,0.29416000843048096,12.121142011694804,0.765187680721283,0.31378698348999023
s001,lower legs,temporal,0.30295252799987793,0.3233725428581238,0.32376280426979065,29.903054958736742,0.03663215413689613,0.4998362362384796,28.321906551959575,0.031098058447241783,0.3131687343120575,12.904414581957937,0.7146307826042175,0.25675836205482483
s001,25 mm noise,temporal,0.34266817569732666,0.3575170040130615,0.3321451246738434,30.67725441716266,0.1907697170972824,0.47721341252326965,27.04004370819021,0.27073800563812256,0.39975449442863464,16.47226291104719,0.5448439121246338,0.3521307408809662
s001,clean,temporal + force-balance loss,0.1356292963027954,0.14040923118591309,0.1477266401052475,13.644179565036344,0.8123245239257812,0.2563692331314087,14.526488751970003,0.8238198757171631,0.17150020599365234,7.066828570530353,0.9322428703308105,0.11246645450592041
s001,clean,"temporal, corruption-trained",0.17589342594146729,0.18247674405574799,0.1815793514251709,16.770849688199636,0.698096513748169,0.27046632766723633,15.32526356090034,0.7886239886283875,0.23679687082767487,9.757439546394103,0.8978184461593628,0.18924501538276672
s001,both feet,"temporal, corruption-trained",0.25159507989883423,0.26204708218574524,0.20722384750843048,19.1394008795459,0.5933367609977722,0.38083258271217346,21.578877315268254,0.5612901449203491,0.2657627761363983,10.951007134380207,0.8724586963653564,0.2114349901676178
s001,lower legs,"temporal, corruption-trained",0.3233796954154968,0.3360157608985901,0.2513221204280853,23.212361273115274,0.3123070299625397,0.49332356452941895,27.952883127536214,0.043050091713666916,0.35000014305114746,14.42208769530636,0.7311304807662964,0.21720044314861298
s001,25 mm noise,"temporal, corruption-trained",0.17832046747207642,0.18497660756111145,0.1821998506784439,16.828159617035734,0.694439709186554,0.27116841077804565,15.365045255012175,0.7854070067405701,0.2361704260110855,9.731626293855513,0.8961846828460693,0.1934712529182434
s002,clean,training mean,0.3072066307067871,0.3119327127933502,0.24326834082603455,22.422359985698442,0.36760520935058594,0.34693771600723267,23.490029876632175,0.10622552037239075,0.4000515341758728,18.857260972259354,0.588468611240387,0.37374600768089294
s002,clean,single frame,0.09284772723913193,0.0971885547041893,0.13479581475257874,12.424305903040795,0.8675802946090698,0.14831404387950897,10.041863888275472,0.9229767918586731,0.16590246558189392,7.820157710090661,0.95770663022995,0.27367210388183594
s002,clean,temporal,0.06769410520792007,0.07259633392095566,0.1211828663945198,11.169582713353739,0.8971197009086609,0.1440378874540329,9.752339176613706,0.9353419542312622,0.16755494475364685,7.898050752188754,0.962494969367981,0.19406381249427795
s002,both feet,temporal,0.3559361696243286,0.3616710603237152,0.26557791233062744,24.478662263685315,0.25933268666267395,0.36140432953834534,24.469517457199643,0.6019145846366882,0.43142300844192505,20.336020648904896,0.5372946262359619,0.38455966114997864
s002,lower legs,temporal,0.3374123275279999,0.34405580163002014,0.2897290587425232,26.70470490070108,0.3208821713924408,0.3578084409236908,24.226051477301638,0.06713422387838364,0.4485844075679779,21.14495888391442,0.5524078011512756,0.3747139573097229
s002,25 mm noise,temporal,0.34878331422805786,0.3568946123123169,0.31419187784194946,28.95947481547847,0.31150195002555847,0.3936977684497833,26.656001687219362,0.3066592812538147,0.45678162574768066,21.531351808965038,0.5079372525215149,0.4071144461631775
s002,clean,temporal + force-balance loss,0.06506507098674774,0.06975922733545303,0.12869060039520264,11.861580339796065,0.8848234415054321,0.14438052475452423,9.77553803927418,0.9326490759849548,0.17287316918373108,8.148736319971265,0.9625623822212219,0.08257483690977097
s002,clean,"temporal, corruption-trained",0.09242695569992065,0.09658599644899368,0.14908728003501892,13.741568881847986,0.8374014496803284,0.18728132545948029,12.680212405291657,0.8973830938339233,0.1780518889427185,8.392846044981068,0.9419916868209839,0.20463883876800537
s002,both feet,"temporal, corruption-trained",0.13062548637390137,0.13620761036872864,0.1934402883052826,17.829643452125488,0.7276111245155334,0.21697236597537994,14.690496662689142,0.8522523641586304,0.20878854393959045,9.841682195264404,0.9196173548698425,0.22574566304683685
s002,lower legs,"temporal, corruption-trained",0.18869315087795258,0.19370953738689423,0.18963080644607544,17.47851854488894,0.7098907232284546,0.2713451385498047,18.371901114610814,0.7269803285598755,0.2349306344985962,11.07394399635248,0.8879942893981934,0.24338336288928986
s002,25 mm noise,"temporal, corruption-trained",0.09767355024814606,0.10175938904285431,0.15011559426784515,13.836349944721004,0.8340772390365601,0.19274994730949402,13.05047509139912,0.8901322484016418,0.1800684779882431,8.487902163147432,0.9403475522994995,0.21119624376296997
s003,clean,training mean,0.3082115650177002,0.3146970570087433,0.2743217647075653,25.30186443074543,0.1304437518119812,0.37610602378845215,25.163655169091466,-0.33273351192474365,0.5117541551589966,20.32198249989112,0.6160223484039307,0.30579304695129395
s003,clean,single frame,0.10174500942230225,0.1063699871301651,0.11534556746482849,10.638812832782879,0.9093019366264343,0.11485157907009125,7.684230904451032,0.9454717636108398,0.1190982460975647,4.729443715431036,0.9802002906799316,0.2181454747915268
s003,clean,temporal,0.07118386775255203,0.07635462284088135,0.10091796517372131,9.30809364023374,0.9320777058601379,0.11789194494485855,7.8876488600846,0.9438061714172363,0.10336834192276001,4.104802304818494,0.9847525954246521,0.14922453463077545
s003,both feet,temporal,0.29853272438049316,0.3099290132522583,0.3602354824542999,33.226052442172495,-0.07781847566366196,0.4508253037929535,30.162804551430586,0.13320766389369965,0.4687596261501312,18.61465084991602,0.680803120136261,0.313459187746048
s003,lower legs,temporal,0.3229685425758362,0.33226457238197327,0.3694594204425812,34.07681551868554,-0.1783130168914795,0.4000304639339447,26.76433775287631,0.11888760328292847,0.5122200846672058,20.34048476551331,0.5312954783439636,0.30277571082115173
s003,25 mm noise,temporal,0.36234480142593384,0.3719019591808319,0.3408910036087036,31.44182878876873,0.22119790315628052,0.4103405177593231,27.454139624761563,0.2827043831348419,0.5108264684677124,20.285143653512236,0.5277366638183594,0.3836074471473694
s003,clean,temporal + force-balance loss,0.06639253348112106,0.07184603065252304,0.10118568688631058,9.332786753754359,0.9320600628852844,0.12082517892122269,8.083899075829633,0.9437044262886047,0.10445845872163773,4.148091322184162,0.9847447276115417,0.079374760389328
s003,clean,"temporal, corruption-trained",0.09614019840955734,0.10096681863069534,0.12122480571269989,11.181080010388246,0.8880637884140015,0.16901545226573944,11.308105401298523,0.877034604549408,0.13413183391094208,5.326434097187902,0.9755216240882874,0.16843879222869873
s003,both feet,"temporal, corruption-trained",0.14372797310352325,0.14830005168914795,0.15961870551109314,14.72231287137596,0.8034858107566833,0.1913319081068039,12.801204591054294,0.8335101008415222,0.17192739248275757,6.827312345321343,0.9615959525108337,0.19450756907463074
s003,lower legs,"temporal, corruption-trained",0.2253325879573822,0.23026345670223236,0.18145304918289185,16.73618735963278,0.7398940920829773,0.23392511904239655,15.650935264686055,0.7275480031967163,0.2127927988767624,8.450095600167389,0.9453299641609192,0.21615760028362274
s003,25 mm noise,"temporal, corruption-trained",0.10333940386772156,0.10803750157356262,0.12481458485126495,11.512180625744511,0.8806833028793335,0.17499279975891113,11.708024311474254,0.8671233057975769,0.1381983906030655,5.487918851339964,0.9737889170646667,0.17671573162078857
s004,clean,training mean,0.30899351835250854,0.3133552074432373,0.2891261875629425,27.72698282009769,0.333371102809906,0.4960578680038452,26.99680403399394,-0.1760636866092682,0.5366054177284241,17.778373413053057,0.6118113398551941,0.2536979019641876
s004,clean,single frame,0.09628880023956299,0.10238232463598251,0.1344822347164154,12.896744646413746,0.882646381855011,0.17618215084075928,9.588306742669527,0.9414530992507935,0.1465526670217514,4.855463535983436,0.9735137224197388,0.20463261008262634
s004,clean,temporal,0.06096205487847328,0.06788523495197296,0.10822297632694244,10.378501617753747,0.9252875447273254,0.15299445390701294,8.32636987905518,0.952986478805542,0.14737257361412048,4.882628013048665,0.9754403829574585,0.14039947092533112
s004,both feet,temporal,0.31283682584762573,0.32048600912094116,0.36066287755966187,34.58729731206631,0.12976132333278656,0.45749431848526,24.898071897362662,0.41250455379486084,0.5516899824142456,18.27814291760475,0.4304161071777344,0.26196008920669556
s004,lower legs,temporal,0.31499791145324707,0.32474955916404724,0.35988712310791016,34.51290304658093,0.1934078186750412,0.5162127614021301,28.09368756814508,-0.13391894102096558,0.5747845768928528,19.043294201767722,0.3334374725818634,0.25502312183380127
s004,25 mm noise,temporal,0.34265074133872986,0.3513253927230835,0.37292882800102234,35.76359268685221,0.16353000700473785,0.5000791549682617,27.21565329160105,0.29850295186042786,0.5309475660324097,17.590922081321764,0.5206398367881775,0.36015981435775757
s004,clean,temporal + force-balance loss,0.05778365582227707,0.06530388444662094,0.10905107855796814,10.457915995698794,0.9245831966400146,0.16075730323791504,8.748845028930557,0.952389657497406,0.14020510017871857,4.6451611240594755,0.9769427180290222,0.07374905049800873
s004,clean,"temporal, corruption-trained",0.09093976020812988,0.09837750345468521,0.13430668413639069,12.879909478498199,0.8849721550941467,0.21952879428863525,11.947347721905933,0.9110273718833923,0.1958678811788559,6.489335023791269,0.9660452604293823,0.17553357779979706
s004,both feet,"temporal, corruption-trained",0.1194525808095932,0.1276279091835022,0.16957122087478638,16.261751893209734,0.8049450516700745,0.2521953284740448,13.725148415647634,0.8587690591812134,0.26043057441711426,8.628373563135769,0.9317552447319031,0.19077034294605255
s004,lower legs,"temporal, corruption-trained",0.16938075423240662,0.17838172614574432,0.2014237642288208,19.316386721683937,0.7077223062515259,0.35397469997406006,19.264255693888973,0.6589048504829407,0.34519416093826294,11.436691636743596,0.8449180722236633,0.22126036882400513
s004,25 mm noise,"temporal, corruption-trained",0.09581010788679123,0.10299260169267654,0.1366681605577469,13.106373282129805,0.8801462650299072,0.22477847337722778,12.23304938442848,0.9040946364402771,0.19942115247249603,6.607059112682574,0.9644625186920166,0.18105681240558624
s005,clean,training mean,0.31273216009140015,0.3192856013774872,0.3029387593269348,25.45157096116535,0.27973413467407227,0.46254944801330566,27.811143921769908,0.01848577708005905,0.3410918414592743,18.279319006529747,0.5799532532691956,0.29922452569007874
s005,clean,single frame,0.12337347120046616,0.1314184069633484,0.13800077140331268,11.594212750691366,0.8765347003936768,0.15218351781368256,9.150151912657371,0.9296585917472839,0.1438308209180832,7.7079810742017045,0.934749960899353,0.2511710822582245
s005,clean,temporal,0.0806870311498642,0.08911845833063126,0.1179225891828537,9.90733293151405,0.9111254811286926,0.13788430392742157,8.290400599436616,0.9456374049186707,0.1432153731584549,7.6749988548616885,0.9404661655426025,0.15250244736671448
s005,both feet,temporal,0.32329198718070984,0.3330918252468109,0.3777541220188141,31.737225912576463,0.2738786041736603,0.3502562940120697,21.059431038376715,0.5365498661994934,0.2788384258747101,14.943120644681246,0.7456160187721252,0.3080432415008545
s005,lower legs,temporal,0.31507590413093567,0.3280320167541504,0.40426507592201233,33.964558677834276,0.38615483045578003,0.5386648178100586,32.387639501147056,0.16539213061332703,0.29422929883003235,15.76792687673795,0.7590409517288208,0.295635461807251
s005,25 mm noise,temporal,0.3433026671409607,0.35295596718788147,0.37229472398757935,31.27855150357731,0.2836053967475891,0.46407851576805115,27.903080305168515,0.32769712805747986,0.4097456932067871,21.958520630792652,0.42870578169822693,0.37329524755477905
s005,clean,temporal + force-balance loss,0.08205480128526688,0.08946920186281204,0.11104995757341385,9.329924905263994,0.921653151512146,0.15758968889713287,9.475202137478357,0.9255213737487793,0.14506086707115173,7.773899994831705,0.9367342591285706,0.08304741978645325
s005,clean,"temporal, corruption-trained",0.09525538980960846,0.10248510539531708,0.1725449413061142,14.496460695223478,0.8327138423919678,0.19432364404201508,11.683859650179077,0.9165558218955994,0.1452823281288147,7.785768227455581,0.9403758645057678,0.17381224036216736
s005,both feet,"temporal, corruption-trained",0.14349868893623352,0.14967751502990723,0.2192160189151764,18.417557639834513,0.6961421370506287,0.23910754919052124,14.376526643542714,0.8532848358154297,0.14253725111484528,7.638657882566753,0.9333875775337219,0.2064131498336792
s005,lower legs,"temporal, corruption-trained",0.21632947027683258,0.22434449195861816,0.2553509473800659,21.453454063402518,0.5545104146003723,0.34478694200515747,20.73058201158319,0.6607815623283386,0.2144327163696289,11.491579544054158,0.8441117405891418,0.22581718862056732
s005,25 mm noise,"temporal, corruption-trained",0.1017204001545906,0.10866403579711914,0.17478854954242706,14.684958708361327,0.8274088501930237,0.19933925569057465,11.985427186391515,0.9095134735107422,0.14691030979156494,7.873012753806251,0.938048779964447,0.1795041263103485
s006,clean,training mean,0.32475516200065613,0.33065345883369446,0.26439419388771057,24.063342302706076,0.16626252233982086,0.38313373923301697,24.385415528564838,0.03974587842822075,0.3544926643371582,18.778696999532126,0.6142450571060181,0.31457072496414185
s006,clean,single frame,0.11811810731887817,0.12241069972515106,0.14472390711307526,13.171775314120627,0.8837903141975403,0.15308287739753723,9.74330682314808,0.9096992611885071,0.14266405999660492,7.5574064710441355,0.9659551978111267,0.2352035641670227
s006,clean,temporal,0.08414376527070999,0.08800668269395828,0.13912293314933777,12.662013160360168,0.9054021835327148,0.1466536819934845,9.334106104474714,0.921040415763855,0.1315804421901703,6.970269073335683,0.9740480780601501,0.16851955652236938
s006,both feet,temporal,0.3225416839122772,0.33052247762680054,0.29845666885375977,27.16347465710078,0.14621612429618835,0.40145376324653625,25.551434994658507,0.2762821912765503,0.3714650869369507,19.677784663152664,0.5248393416404724,0.3177320659160614
s006,lower legs,temporal,0.32914403080940247,0.33685702085494995,0.33114516735076904,30.138557116850627,0.20665746927261353,0.42981842160224915,27.35676798807876,-0.0849844291806221,0.3393287658691406,17.975413086182265,0.6688501834869385,0.311727374792099
s006,25 mm noise,temporal,0.3718753159046173,0.38157325983047485,0.33882081508636475,30.8371418177502,0.19175373017787933,0.43844661116600037,27.90592867591716,0.22827395796775818,0.42110610008239746,22.307440050665917,0.44964244961738586,0.38313448429107666
s006,clean,temporal + force-balance loss,0.081036776304245,0.08558148890733719,0.13126777112483978,11.94709030271606,0.9075096845626831,0.14081153273582458,8.962269268822686,0.9261766672134399,0.13427935540676117,7.113239799167655,0.9687430262565613,0.08947312086820602
s006,clean,"temporal, corruption-trained",0.10978513956069946,0.11423128843307495,0.13304544985294342,12.10888240226861,0.8746801018714905,0.16174492239952087,10.294622317114623,0.8921412229537964,0.18412859737873077,9.753925784583837,0.9682261347770691,0.18231770396232605
s006,both feet,"temporal, corruption-trained",0.1545327603816986,0.15905138850212097,0.1577453911304474,14.356901290571981,0.809100329875946,0.1941104233264923,12.354598007259572,0.8440419435501099,0.20615340769290924,10.920655821538155,0.9550550580024719,0.20632019639015198
s006,lower legs,"temporal, corruption-trained",0.23432011902332306,0.23884035646915436,0.18926572799682617,17.225665707669624,0.7024912238121033,0.287560373544693,18.302431971860052,0.6351359486579895,0.2330164611339569,12.343684255694658,0.9206820726394653,0.23259244859218597
s006,25 mm noise,"temporal, corruption-trained",0.11688157916069031,0.12126648426055908,0.13560545444488525,12.341876424892869,0.8674295544624329,0.16803507506847382,10.694973345655182,0.8819841742515564,0.18422739207744598,9.75915927993924,0.9661940336227417,0.19039534032344818
s007,clean,training mean,0.3041720390319824,0.310481995344162,0.30604469776153564,25.72600390766777,0.3561722934246063,0.3274029493331909,27.094271556625685,-0.14752812683582306,0.43634670972824097,19.407757543160468,0.44924652576446533,0.40791526436805725
s007,clean,single frame,0.10408074408769608,0.10813723504543304,0.1245865747332573,10.47270131413316,0.9162785410881042,0.1181081235408783,9.774052368121541,0.9266146421432495,0.10314126312732697,4.587500221365651,0.974486768245697,0.30479735136032104
s007,clean,temporal,0.0719519630074501,0.07650116831064224,0.10679679363965988,8.977298906321993,0.9400822520256042,0.12788942456245422,10.583505143655264,0.9121861457824707,0.10478994995355606,4.660830244199981,0.9739656448364258,0.20978693664073944
s007,both feet,temporal,0.3553687334060669,0.3662594258785248,0.40292853116989136,33.87002304958818,-0.08167032897472382,0.3702812194824219,30.6426681048783,0.23782585561275482,0.39101308584213257,17.391416039216555,0.6736161112785339,0.4222315549850464
s007,lower legs,temporal,0.34781569242477417,0.35733312368392944,0.37768709659576416,31.748237410958666,0.08231721818447113,0.3578156530857086,29.611078616305978,-0.05177852138876915,0.38265281915664673,17.019569465813667,0.6749357581138611,0.4117494821548462
s007,25 mm noise,temporal,0.34276270866394043,0.3528280556201935,0.37718817591667175,31.706298323518737,0.26421475410461426,0.3911571800708771,32.37026080476386,0.2333763688802719,0.46313053369522095,20.5990440821459,0.48340755701065063,0.4250655472278595
s007,clean,temporal + force-balance loss,0.0685010775923729,0.07275262475013733,0.10672228038311005,8.971035349582749,0.9405925273895264,0.12082219868898392,9.998655992608219,0.9233964681625366,0.10701725631952286,4.759896012226383,0.9731950163841248,0.09133823215961456
s007,clean,"temporal, corruption-trained",0.08986127376556396,0.0950763076543808,0.14256301522254944,11.98379424159119,0.9029961228370667,0.17901092767715454,14.814071455270833,0.8301398158073425,0.1131456270813942,5.032472684008938,0.9710750579833984,0.24860094487667084
s007,both feet,"temporal, corruption-trained",0.11986958980560303,0.12560364603996277,0.16791588068008423,14.11494671899604,0.8553627729415894,0.21245504915714264,17.58174386383369,0.7636170387268066,0.11797279119491577,5.247174499440568,0.967266857624054,0.2849956154823303
s007,lower legs,"temporal, corruption-trained",0.17433209717273712,0.1842879056930542,0.23234866559505463,19.53114274731611,0.7065187692642212,0.29508864879608154,24.4200976198972,0.5172609686851501,0.20973603427410126,9.328605007222087,0.8906341195106506,0.31283116340637207
s007,25 mm noise,"temporal, corruption-trained",0.09578333795070648,0.1007632166147232,0.1454460471868515,12.226140840379047,0.8983309268951416,0.18029142916202545,14.920039513989959,0.8260881304740906,0.1167781800031662,5.194040778362984,0.9691459536552429,0.2543877363204956
