split,subject,clips,F1,contact_rate,root_speed
test,CMU_90,170,0.849,0.454,0.493
test,CMU_142,499,0.923,0.533,0.638
test,CMU_127,32,0.928,0.58,0.925
test,CMU_10,14,0.934,0.622,0.672
test,CMU_36,1084,0.936,0.569,0.427
test,CMU_124,53,0.941,0.749,0.349
test,CMU_40,527,0.954,0.624,0.443
test,CMU_54,709,0.96,0.765,0.296
test,CMU_16,1,0.967,0.477,0.948
test,CMU_126,220,0.975,0.192,0.141
test,CMU_122,261,0.979,0.735,0.283
test,KIT_6,199,0.98,0.585,0.634
test,KIT_1721,157,0.993,0.912,0.131
test,CMU_32,713,1.0,0.997,0.071
val,CMU_102,22,0.796,0.385,1.146
val,CMU_135,168,0.89,0.693,0.444
val,CMU_22_23_Rory,55,0.92,0.703,0.22
val,CMU_113,269,0.934,0.636,0.392
val,CMU_89,36,0.943,0.767,0.171
val,CMU_82,125,0.965,0.769,0.338
val,CMU_139,496,0.97,0.753,0.356
val,CMU_74,121,0.971,0.736,0.289
val,KIT_9,520,0.98,0.609,0.517
val,KIT_7,253,0.983,0.599,0.637
val,KIT_551,444,0.985,0.809,0.233
val,KIT_576,636,0.985,0.873,0.132
val,CMU_62,499,0.991,0.916,0.097
val,CMU_80,1637,0.998,0.996,0.042
