person,vertical force L (BW),vertical force R (BW),ankle moment L (N·m/kg),knee moment L (N·m/kg),hip moment L (N·m/kg),ankle moment R (N·m/kg),knee moment R (N·m/kg),hip moment R (N·m/kg)
264,0.64,0.383,0.591,-0.338,-0.088,0.356,-0.407,-0.151
1057,0.615,0.352,0.636,0.016,0.315,0.727,-0.284,0.325
1173,0.445,0.064,0.335,-0.052,-0.031,0.05,0.104,-0.043
1741,0.623,0.447,-0.128,-0.178,0.415,-0.115,-0.201,0.374
2068,0.762,0.181,0.807,-0.072,-0.131,0.139,-0.065,-0.271
2268,1.023,-0.031,0.174,-0.397,-0.063,0.027,0.08,-0.087
2286,0.506,0.412,0.323,0.011,0.128,0.5,-0.317,-0.346
2402,0.221,0.605,0.329,0.127,0.153,0.368,-0.102,-0.258
2803,0.688,0.262,0.585,-0.186,-0.091,0.21,-0.242,-0.134
3035,0.533,0.37,0.195,-0.018,0.102,0.332,-0.283,-0.369
3891,0.07,0.78,-0.111,0.035,-0.01,0.149,-0.187,0.408
4915,0.528,0.392,-0.119,-0.092,0.192,-0.004,-0.288,0.384
5296,0.683,0.244,0.51,-1.482,-1.253,0.024,-0.041,0.294
6021,0.83,0.344,0.552,-1.081,0.93,0.1,-0.473,0.277
6039,0.701,0.415,0.153,-0.895,0.863,-0.084,-0.598,0.324
6858,0.249,0.585,0.295,0.167,0.172,0.507,-0.221,-0.125
7217,0.566,0.604,0.15,-0.404,0.316,0.357,-0.818,0.574
8050,-0.011,0.83,-0.087,-0.096,-0.123,0.285,-0.508,0.163
8214,1.038,0.032,0.287,-0.688,0.504,0.025,0.149,-0.118
8421,0.858,0.153,1.147,-0.994,0.163,0.173,-0.321,0.292
8489,0.493,0.414,0.194,-0.055,0.069,0.166,-0.025,-0.034
8645,0.631,0.685,0.659,-1.166,0.379,0.479,-1.173,0.232
9309,0.715,0.28,-0.527,0.045,0.376,-0.202,0.034,0.09
9441,0.761,0.264,-0.024,-0.327,0.323,-0.0,-0.277,0.333
9923,0.677,0.236,0.534,0.044,-0.082,0.235,-0.095,-0.196
10316,0.412,0.328,0.039,-0.11,0.026,0.013,-0.093,0.28
11317,0.075,0.937,0.18,0.084,0.014,0.677,-0.746,-0.406
11605,0.279,0.884,0.239,-0.436,-0.165,0.549,-0.307,1.474
11972,0.829,0.313,1.222,-1.465,1.295,0.305,-0.523,0.226
12732,0.362,0.605,-0.079,0.338,-0.035,0.25,-0.395,0.376
12970,0.886,0.062,0.778,-0.212,0.576,0.139,0.296,0.086
13660,1.072,0.063,0.467,-0.772,0.258,-0.012,-0.027,-0.104
14877,0.682,0.686,1.013,-1.24,0.476,0.768,-1.041,0.182
15112,0.206,0.559,-0.014,-0.048,0.033,0.08,-0.117,0.238
15165,0.624,0.631,0.357,-0.961,0.443,0.355,-1.057,0.064
16511,0.598,0.321,0.414,-0.015,0.036,0.341,-0.162,-0.175
16734,0.916,0.054,-0.04,-0.406,0.368,-0.013,0.1,-0.02
17182,0.707,0.43,0.849,-0.631,0.091,0.374,-0.383,0.216
19236,0.467,0.413,0.273,0.094,0.191,0.493,-0.337,-0.336
19769,0.752,0.414,0.908,-0.709,-0.299,0.602,-0.48,0.232
20053,0.235,0.308,0.012,-0.018,0.013,0.072,0.029,-0.022
20245,0.672,0.308,-0.577,-0.05,0.541,-0.137,-0.085,0.621
20408,0.269,0.899,0.366,0.008,0.012,0.839,-0.783,0.128
20435,0.071,0.638,0.01,0.047,0.021,0.168,-0.182,0.155
20532,0.139,0.511,0.162,0.148,0.089,0.231,-0.108,0.313
21270,0.837,0.6,0.743,-0.835,0.341,0.517,-0.477,-0.198
22188,0.482,0.378,0.426,0.044,0.044,0.339,-0.15,-0.174
24007,0.743,0.236,-0.743,0.489,0.856,-0.35,0.224,0.01
24183,0.067,1.139,-0.059,-0.057,-0.18,0.732,-1.303,0.669
24198,0.942,0.184,0.553,-0.62,1.39,0.075,0.075,0.141
24294,0.428,0.714,0.037,-0.277,0.116,0.089,-0.62,0.248
25009,0.741,0.368,0.725,-0.736,-0.341,0.348,-0.42,0.128
25029,0.679,0.418,0.646,-0.384,-0.028,0.476,-0.425,-0.152
25372,0.324,0.586,0.115,-0.066,0.197,0.242,-0.013,0.572
25482,0.61,0.298,0.466,0.051,0.231,0.405,-0.221,-0.234
26309,0.006,0.818,0.16,0.275,0.171,0.561,-0.465,0.563
26425,-0.12,1.238,0.068,0.256,-0.15,0.879,-0.716,-0.108
26807,0.156,0.945,-0.026,0.093,-0.011,0.662,-0.754,-0.165
26890,0.31,0.563,0.187,0.098,0.183,0.515,-0.388,-0.232
27037,0.569,0.21,0.508,0.138,0.242,0.367,-0.018,-0.044
27554,0.251,0.76,-0.042,-0.057,0.191,0.391,-0.639,0.993
28180,0.346,0.648,0.166,-0.155,-0.231,0.236,-0.071,-0.029
28486,0.49,0.451,0.466,0.172,0.019,0.259,-0.023,-0.248
28592,0.595,0.398,-0.218,0.225,0.529,-0.104,-0.399,0.737
