,,MPJPE hidden (mm),accel err (m/s²),bone err (mm),foot slide (cm/s),contact F1
mask 30%,clean joints,0.0,0.0,0.0,4.41,
mask 30%,interpolation,3.0,2.63,1.09,5.2,
mask 30%,recon,3.82,4.49,1.5,10.86,0.96
mask 30%,+ bone/vel/acc,3.09,3.1,1.17,7.26,0.96
mask 30%,+ slide,2.91,2.79,1.1,5.86,0.96
mask 30%,contact-only,,,,,0.96
mask 50%,clean joints,0.0,0.0,0.0,4.41,
mask 50%,interpolation,5.09,2.63,1.9,6.41,
mask 50%,recon,5.64,4.45,2.24,14.6,0.96
mask 50%,+ bone/vel/acc,5.05,3.09,1.95,9.04,0.96
mask 50%,+ slide,4.9,2.83,1.9,7.23,0.95
mask 50%,contact-only,,,,,0.95
L foot hidden,clean joints,0.0,0.0,0.0,4.41,
L foot hidden,interpolation,253.37,5.34,84.92,15.98,
L foot hidden,recon,71.81,11.59,17.22,13.94,0.96
L foot hidden,+ bone/vel/acc,71.33,7.94,14.5,11.18,0.96
L foot hidden,+ slide,76.12,5.93,15.33,8.44,0.96
L foot hidden,contact-only,,,,,0.95
R lower leg hidden,clean joints,0.0,0.0,0.0,4.41,
R lower leg hidden,interpolation,220.02,4.63,57.54,16.07,
R lower leg hidden,recon,81.18,12.27,15.82,16.48,0.96
R lower leg hidden,+ bone/vel/acc,82.99,8.24,12.44,12.95,0.96
R lower leg hidden,+ slide,84.54,6.13,13.3,9.67,0.96
R lower leg hidden,contact-only,,,,,0.94
both feet 30f,clean joints,0.0,0.0,0.0,4.41,
both feet 30f,interpolation,115.06,5.36,20.02,15.75,
both feet 30f,recon,64.56,17.61,15.48,18.45,0.96
both feet 30f,+ bone/vel/acc,65.03,10.41,14.19,14.25,0.96
both feet 30f,+ slide,65.47,6.86,13.64,10.91,0.96
both feet 30f,contact-only,,,,,0.95
both feet hidden,clean joints,0.0,0.0,0.0,4.41,
both feet hidden,interpolation,246.78,5.36,83.6,27.64,
both feet hidden,recon,75.48,10.5,16.95,22.73,0.95
both feet hidden,+ bone/vel/acc,74.96,7.52,14.1,18.23,0.95
both feet hidden,+ slide,79.21,5.79,14.93,13.65,0.95
both feet hidden,contact-only,,,,,0.93
